type,name,rarity
first,James,common
first,Michael,common
first,Marcus,common
first,Chris,common
first,David,common
first,Anthony,common
first,Brandon,common
first,Justin,common
first,Kevin,common
first,Ryan,common
first,Jason,common
first,Brian,common
first,Eric,common
first,John,common
first,Robert,common
first,William,common
first,Daniel,common
first,Matthew,common
first,Andrew,common
first,Joseph,common
first,Joshua,common
first,Tyler,common
first,Jordan,common
first,Aaron,common
first,Derrick,common
first,Terrell,common
first,DeShawn,common
first,Jamal,common
first,Malik,common
first,Darius,common
first,Andre,common
first,Corey,common
first,Devin,common
first,Travis,common
first,Derek,common
first,Carlos,common
first,Antonio,common
first,Victor,common
first,Patrick,common
first,Cameron,common
first,Jaylen,common
first,Jalen,common
first,Lamar,common
first,Tyrone,common
first,Rashad,common
first,DeAndre,common
first,Terrance,common
first,Rodney,common
first,Marquis,common
first,Donte,common
first,Mike,common
first,Tony,common
first,Steve,common
first,Mark,common
first,Paul,common
first,Jeff,common
first,Greg,common
first,Tim,common
first,Tom,common
first,Adam,common
first,Alex,common
first,Ben,common
first,Sean,common
first,Kyle,common
first,Cody,common
first,Jake,common
first,Nick,common
first,Zach,common
first,Trey,common
first,Tre,common
first,Dez,common
first,Ray,common
first,Jay,common
first,Cam,common
first,Julio,common
first,Odell,common
first,Davante,common
first,Stefon,common
first,Amari,common
first,Tyreek,common
first,Alvin,common
first,Ezekiel,common
first,Saquon,common
first,Dalvin,common
first,Derwin,common
first,Minkah,common
first,Jaylon,common
first,Deion,common
first,Jaire,common
first,Xavien,common
first,Marlon,common
first,Darnell,common
first,Demarcus,common
first,Khalil,common
first,Von,common
first,Chandler,common
first,Calais,common
first,Fletcher,common
first,Lavonte,common
first,Bobby,common
first,Shaq,common
first,Tee,common
first,Jameson,common
first,Garrett,common
first,Drake,common
first,Rashod,common
first,DeVonta,common
first,Elijah,common
first,Mac,common
first,Trevor,common
first,Tua,common
first,Joe,common
first,Kyler,common
first,Josh,common
first,Jared,common
first,Baker,common
first,Dak,common
first,Carson,common
first,Sam,common
first,Mitch,common
first,Andy,common
first,Matt,common
first,Kirk,common
first,Jimmy,common
first,Teddy,common
first,Jacoby,common
first,Tyrod,common
first,Kenny,common
first,Davion,common
first,Javon,common
first,Javonte,common
first,Keion,common
first,Keenan,common
first,Kelvin,common
first,Kendall,common
first,Keon,common
first,Najee,common
first,Nate,common
first,Nathan,common
first,Nelson,common
first,Noah,common
first,Omar,common
first,Orlando,common
first,Parker,common
first,Quincy,common
first,Quinn,common
first,Quinton,common
first,Randy,common
first,Reggie,common
first,Ricky,common
first,Russell,common
first,Sammy,common
first,Shaun,common
first,Spencer,common
first,Sterling,common
first,Steven,common
first,Tarik,common
first,Taylor,common
first,Terence,common
first,Thomas,common
first,Trent,common
first,Tristan,common
first,Troy,common
first,Tyrell,common
first,Tyson,common
first,Vince,common
first,Vincent,common
first,Walter,common
first,Wayne,common
first,Wesley,common
first,Will,common
first,Willie,common
first,Xavier,common
first,Zack,common
first,Zane,common
first,Allen,common
first,Barry,common
first,Billy,common
first,Blake,common
first,Brad,common
first,Brett,common
first,Brock,common
first,Bryce,common
first,Byron,common
first,Carl,common
first,Chad,common
first,Charlie,common
first,Chase,common
first,Clay,common
first,Cliff,common
first,Clyde,common
first,Cole,common
first,Connor,common
first,Cooper,common
first,Craig,common
first,Curtis,common
first,Damon,common
first,Danny,common
first,Darrell,common
first,Darren,common
first,Dean,common
first,Dennis,common
first,Donovan,common
first,Doug,common
first,Drew,common
first,Duane,common
first,Duke,common
first,Dustin,common
first,Dwayne,common
first,Dylan,common
first,Earl,common
first,Eddie,common
first,Eli,common
first,Emmanuel,common
first,Emmitt,common
first,Frank,common
first,Fred,common
first,Freddie,common
first,Gabe,common
first,Gabriel,common
first,Gage,common
first,Gary,common
first,Gene,common
first,Geno,common
first,George,common
first,Gerald,common
first,Glen,common
first,Glenn,common
first,Gordon,common
first,Grant,common
first,Hakeem,common
first,Harold,common
first,Harrison,common
first,Harry,common
first,Harvey,common
first,Henry,common
first,Howard,common
first,Hunter,common
first,Isaac,common
first,Isaiah,common
first,Ivan,common
first,Jack,common
first,Jackie,common
first,Jamar,common
first,Jamel,common
first,Jameis,common
first,Jarrett,common
first,Jarvis,common
first,Jean,common
first,Jeremiah,common
first,Jeremy,common
first,Jermaine,common
first,Jerome,common
first,Jerry,common
first,Jesse,common
first,Jim,common
first,Jimmie,common
first,Johnny,common
first,Jon,common
first,Jonathan,common
first,Kareem,common
first,Keith,common
first,Kerry,common
first,Lance,common
first,Landon,common
first,Larry,common
first,Lawrence,common
first,Lee,common
first,Leon,common
first,Leonard,common
first,Leroy,common
first,Levi,common
first,Lewis,common
first,Lincoln,common
first,Logan,common
first,Lonnie,common
first,Lorenzo,common
first,Louis,common
first,Lucas,common
first,Luke,common
first,Malcolm,common
first,Marques,uncommon
first,Marquez,uncommon
first,Marquise,uncommon
first,Marshall,uncommon
first,Martin,uncommon
first,Marvin,uncommon
first,Mason,uncommon
first,Maurice,uncommon
first,Melvin,uncommon
first,Micah,uncommon
first,Miles,uncommon
first,Mitchell,uncommon
first,Montez,uncommon
first,Morris,uncommon
first,Mychal,uncommon
first,Myles,uncommon
first,Percy,uncommon
first,Perry,uncommon
first,Pete,uncommon
first,Phillip,uncommon
first,Pierre,uncommon
first,Preston,uncommon
first,Prince,uncommon
first,Quenton,uncommon
first,Rafael,uncommon
first,Raheem,uncommon
first,Rakeem,uncommon
first,Ramon,uncommon
first,Randall,uncommon
first,Rashard,uncommon
first,Rashan,uncommon
first,Rashawn,uncommon
first,Reuben,uncommon
first,Rex,uncommon
first,Ricardo,uncommon
first,Richard,uncommon
first,Riley,uncommon
first,Robbie,uncommon
first,Roderick,uncommon
first,Royce,uncommon
first,Rudy,uncommon
first,Santos,uncommon
first,Saul,uncommon
first,Scottie,uncommon
first,Shaquille,uncommon
first,Sheldon,uncommon
first,Sidney,uncommon
first,Solomon,uncommon
first,Tahir,uncommon
first,Tedric,uncommon
first,Theodore,uncommon
first,Tobias,uncommon
first,Tomas,uncommon
first,Tommie,uncommon
first,Torrey,uncommon
first,Tremaine,uncommon
first,Trenton,uncommon
first,Tyrann,uncommon
first,Tyron,uncommon
first,Vance,uncommon
first,Vonn,uncommon
first,Warren,uncommon
first,Weston,uncommon
first,Wyatt,uncommon
first,Yannick,uncommon
first,Zayne,uncommon
first,Aidan,uncommon
first,Akiem,uncommon
first,Akeem,uncommon
first,Aldon,uncommon
first,Aldrick,uncommon
first,Aqib,uncommon
first,Artie,uncommon
first,Bashaud,uncommon
first,Benardrick,uncommon
first,Benny,uncommon
first,Benson,uncommon
first,Bernard,uncommon
first,Bilal,uncommon
first,Blaine,uncommon
first,Bradley,uncommon
first,Brady,uncommon
first,Brandin,uncommon
first,Branden,uncommon
first,Braxton,uncommon
first,Breshad,uncommon
first,Brice,uncommon
first,Broderick,uncommon
first,Bryn,uncommon
first,Budda,uncommon
first,Caraun,uncommon
first,Carlton,uncommon
first,Case,uncommon
first,Casey,uncommon
first,Cedric,uncommon
first,Cedrick,uncommon
first,Chance,uncommon
first,Channing,uncommon
first,Charles,uncommon
first,Chester,uncommon
first,Chidobe,uncommon
first,Christian,uncommon
first,Clelin,uncommon
first,Collin,uncommon
first,Colton,uncommon
first,Cordarrelle,uncommon
first,Cordell,uncommon
first,Cornelius,uncommon
first,Cory,uncommon
first,Damien,uncommon
first,Damion,uncommon
first,Damontae,uncommon
first,Dansby,uncommon
first,Dante,uncommon
first,Darqueze,uncommon
first,Darrel,uncommon
first,Dashon,uncommon
first,Datone,uncommon
first,Davin,uncommon
first,Davis,uncommon
first,Dawson,uncommon
first,Deablo,uncommon
first,Deandre,uncommon
first,Deangelo,uncommon
first,Deatrich,uncommon
first,Dee,uncommon
first,Deforest,uncommon
first,Demar,uncommon
first,Demario,uncommon
first,Demaryius,uncommon
first,Denard,uncommon
first,Denzel,uncommon
first,Deon,uncommon
first,Deonte,uncommon
first,Derell,uncommon
first,Derick,uncommon
first,Deshazor,uncommon
first,Desmond,uncommon
first,Devante,uncommon
first,Devery,uncommon
first,Devlin,uncommon
first,Devon,uncommon
first,Devondre,uncommon
first,Dexter,uncommon
first,Diontae,uncommon
first,Divine,uncommon
first,Dominic,uncommon
first,Dominique,uncommon
first,Donald,uncommon
first,Donnie,uncommon
first,Dorial,uncommon
first,Duron,uncommon
first,Duval,uncommon
first,Dwan,uncommon
first,Dwight,uncommon
first,Edgar,uncommon
first,Edgerrin,uncommon
first,Equanimeous,uncommon
first,Erick,uncommon
first,Erik,uncommon
first,Ernest,uncommon
first,Ernie,uncommon
first,Ervin,uncommon
first,Evan,uncommon
first,Everson,uncommon
first,Ezra,uncommon
first,Fabian,uncommon
first,Foyesade,uncommon
first,Frankie,uncommon
first,Gaines,uncommon
first,Germain,uncommon
first,Giovani,uncommon
first,Giovanni,uncommon
first,Glover,uncommon
first,Golden,uncommon
first,Grady,uncommon
first,Graham,uncommon
first,Grayson,uncommon
first,Haason,uncommon
first,Haloti,uncommon
first,Hassan,uncommon
first,Hayden,uncommon
first,Herbert,uncommon
first,Hines,uncommon
first,Ike,uncommon
first,Isiah,uncommon
first,Ifeadi,uncommon
first,Ikem,uncommon
first,Jabaal,uncommon
first,Jabari,uncommon
first,Jabrill,uncommon
first,Jace,uncommon
first,Jacquez,uncommon
first,Jadeveon,uncommon
first,Jaeden,uncommon
first,Jaelen,uncommon
first,Jaelon,uncommon
first,Jahri,uncommon
first,Jakobi,uncommon
first,Jaleel,uncommon
first,Jamaal,uncommon
first,Jamari,uncommon
first,Jamell,uncommon
first,Jamey,uncommon
first,Jamie,uncommon
first,Jamir,uncommon
first,Jamison,uncommon
first,Jamon,uncommon
first,Jamycal,uncommon
first,Jarrad,uncommon
first,Jarran,uncommon
first,Jarron,uncommon
first,Jasper,uncommon
first,Javorius,uncommon
first,Jawaan,uncommon
first,Jawan,uncommon
first,Jaycee,uncommon
first,Jaydon,uncommon
first,Jayron,uncommon
first,Jayson,uncommon
first,Jerick,uncommon
first,Jessie,uncommon
first,Jesus,uncommon
first,Jobe,uncommon
first,Jody,uncommon
first,Joel,uncommon
first,Joey,uncommon
first,Jonas,uncommon
first,Jonnu,uncommon
first,Jonotthan,uncommon
first,Joquell,uncommon
first,Jovan,uncommon
first,Juwan,uncommon
first,Kadeem,uncommon
first,Kaden,uncommon
first,Kai,uncommon
first,Kaiden,uncommon
first,Kamren,uncommon
first,Karl,uncommon
first,Kawann,uncommon
first,Kayvon,uncommon
first,Keonte,uncommon
first,Khari,uncommon
first,Kwame,uncommon
first,Ladarius,uncommon
first,Lamont,uncommon
first,Lavon,uncommon
first,Luther,uncommon
first,Mack,uncommon
first,Monty,uncommon
first,Ndamukong,uncommon
first,Neville,uncommon
first,Nyheim,uncommon
first,Oscar,uncommon
first,Owen,uncommon
first,Paris,uncommon
last,Smith,common
last,Johnson,common
last,Williams,common
last,Brown,common
last,Jones,common
last,Davis,common
last,Miller,common
last,Wilson,common
last,Moore,common
last,Taylor,common
last,Anderson,common
last,Thomas,common
last,Jackson,common
last,White,common
last,Harris,common
last,Martin,common
last,Thompson,common
last,Garcia,common
last,Robinson,common
last,Clark,common
last,Lewis,common
last,Walker,common
last,Hall,common
last,Allen,common
last,Young,common
last,King,common
last,Wright,common
last,Hill,common
last,Scott,common
last,Green,common
last,Adams,common
last,Baker,common
last,Nelson,common
last,Carter,common
last,Mitchell,common
last,Roberts,common
last,Turner,common
last,Phillips,common
last,Campbell,common
last,Parker,common
last,Evans,common
last,Edwards,common
last,Collins,common
last,Stewart,common
last,Morris,common
last,Murphy,common
last,Cook,common
last,Rogers,common
last,Morgan,common
last,Peterson,common
last,Cooper,common
last,Reed,common
last,Bailey,common
last,Bell,common
last,Howard,common
last,Ward,common
last,Cox,common
last,Richardson,common
last,Watson,common
last,Brooks,common
last,Sanders,common
last,Price,common
last,Bennett,common
last,Wood,common
last,Barnes,common
last,Ross,common
last,Henderson,common
last,Coleman,common
last,Jenkins,common
last,Perry,common
last,Powell,common
last,Long,common
last,Patterson,common
last,Hughes,common
last,Washington,common
last,Butler,common
last,Simmons,common
last,Foster,common
last,Bryant,common
last,Alexander,common
last,Russell,common
last,Griffin,common
last,Hayes,common
last,Myers,common
last,Ford,common
last,Hamilton,common
last,Graham,common
last,Sullivan,common
last,Wallace,common
last,Woods,common
last,Cole,common
last,West,common
last,Jordan,common
last,Owens,common
last,Reynolds,common
last,Fisher,common
last,Ellis,common
last,Harrison,common
last,Gibson,common
last,McDonald,common
last,Cruz,common
last,Marshall,common
last,Ortiz,common
last,Gomez,common
last,Murray,common
last,Freeman,common
last,Wells,common
last,Webb,common
last,Simpson,common
last,Stevens,common
last,Tucker,common
last,Hunter,common
last,Hicks,common
last,Crawford,common
last,Henry,common
last,Boyd,common
last,Mason,common
last,Morales,common
last,Kennedy,common
last,Warren,common
last,Dixon,common
last,Ramos,common
last,Reyes,common
last,Burns,common
last,Gordon,common
last,Shaw,common
last,Holmes,common
last,Rice,common
last,Robertson,common
last,Hunt,common
last,Black,common
last,Daniels,common
last,Palmer,common
last,Mills,common
last,Grant,common
last,Stone,common
last,Hawkins,common
last,Dunn,common
last,Perkins,common
last,Hudson,common
last,Spencer,common
last,Gardner,common
last,Stephens,common
last,Payne,common
last,Pierce,common
last,Berry,common
last,Matthews,common
last,Arnold,common
last,Wagner,common
last,Willis,common
last,Ray,common
last,Watkins,common
last,Olson,common
last,Carroll,common
last,Duncan,common
last,Snyder,common
last,Hart,common
last,Cunningham,common
last,Bradley,common
last,Lane,common
last,Andrews,common
last,Ruiz,common
last,Harper,common
last,Fox,common
last,Riley,common
last,Armstrong,common
last,Carpenter,common
last,Weaver,common
last,Greene,common
last,Lawrence,common
last,Elliott,common
last,Chavez,common
last,Sims,common
last,Austin,common
last,Peters,common
last,Kelley,common
last,Franklin,common
last,Lawson,common
last,Fields,common
last,Gutierrez,common
last,Ryan,common
last,Schmidt,common
last,Carr,common
last,Vasquez,common
last,Castillo,common
last,Wheeler,common
last,Chapman,common
last,Oliver,common
last,Montgomery,common
last,Richards,common
last,Williamson,common
last,Johnston,common
last,Banks,common
last,Meyer,common
last,Bishop,common
last,McCoy,common
last,Howell,common
last,Alvarez,common
last,Morrison,common
last,Hansen,common
last,Fernandez,common
last,Garza,common
last,Harvey,common
last,Little,common
last,Burton,common
last,Stanley,common
last,Nguyen,common
last,George,common
last,Jacobs,common
last,Reid,common
last,Kim,common
last,Fuller,common
last,Lynch,common
last,Dean,common
last,Gilbert,common
last,Garrett,common
last,Romero,common
last,Welch,common
last,Larson,common
last,Frazier,common
last,Burke,common
last,Hanson,common
last,Mendoza,common
last,Moreno,common
last,Bowman,common
last,Medina,common
last,Fowler,common
last,Brewer,common
last,Hoffman,common
last,Carlson,common
last,Silva,common
last,Pearson,common
last,Holland,common
last,Douglas,common
last,Fleming,common
last,Jensen,common
last,Vargas,common
last,Byrd,common
last,Davidson,common
last,Hopkins,common
last,May,common
last,Terry,common
last,Herrera,common
last,Wade,common
last,Soto,common
last,Walters,common
last,Curtis,common
last,Neal,common
last,Caldwell,common
last,Lowe,common
last,Jennings,common
last,Barnett,common
last,Graves,common
last,Jimenez,common
last,Horton,common
last,Shelton,common
last,Barrett,common
last,Castro,common
last,Sutton,common
last,Gregory,common
last,McKinney,common
last,Lucas,common
last,Miles,common
last,Craig,common
last,Rodriquez,common
last,Chambers,common
last,Holt,common
last,Lambert,common
last,Fletcher,common
last,Watts,common
last,Bates,common
last,Hale,common
last,Rhodes,common
last,Pena,common
last,Beck,common
last,Newman,common
last,Haynes,common
last,McDaniel,common
last,Mendez,common
last,Bush,common
last,Vaughn,common
last,Parks,common
last,Dawson,common
last,Santiago,common
last,Norris,common
last,Hardy,common
last,Love,common
last,Steele,common
last,Curry,common
last,Powers,common
last,Schultz,common
last,Barker,common
last,Guzman,common
last,Page,common
last,Munoz,common
last,Ball,common
last,Keller,common
last,Chandler,common
last,Weber,common
last,Leonard,common
last,Walsh,common
last,Lyons,common
last,Ramsey,common
last,Wolfe,common
last,Schneider,common
last,Mullins,common
last,Benson,common
last,Sharp,common
last,Bowen,common
last,Daniel,common
last,Barber,common
last,Cummings,common
last,Hines,common
last,Baldwin,common
last,Griffith,common
last,Valdez,common
last,Hubbard,common
last,Salazar,common
last,Reeves,common
last,Warner,common
last,Stevenson,common
last,Burgess,common
last,Santos,common
last,Tate,common
last,Cross,common
last,Garner,common
last,Mann,common
last,Mack,common
last,Moss,common
last,Thornton,common
last,Dennis,common
last,McGee,common
last,Farmer,common
last,Delgado,common
last,Aguilar,common
last,Vega,common
last,Glover,common
last,Manning,common
last,Cohen,common
last,Harmon,common
last,Rodgers,common
last,Robbins,common
last,Newton,common
last,Todd,common
last,Blair,common
last,Higgins,common
last,Ingram,common
last,Reese,common
last,Cannon,common
last,Strickland,common
last,Townsend,common
last,Potter,common
last,Goodwin,common
last,Walton,common
last,Rowe,common
last,Hampton,common
last,Ortega,common
last,Patton,common
last,Swanson,common
last,Joseph,common
last,Francis,common
last,Goodman,common
last,Maloney,common
last,Yates,common
last,Becker,common
last,Erickson,common
last,Hodges,common
last,Rios,common
last,Conner,common
last,Adkins,common
last,Webster,common
last,Norman,common
last,Malone,common
last,Hammond,common
last,Flowers,common
last,Cobb,common
last,Moody,common
last,Quinn,common
last,Blake,common
last,Maxwell,common
last,Pope,common
last,Floyd,common
last,Osborne,common
last,Paul,common
last,McCarthy,common
last,Guerrero,common
last,Lindsey,common
last,Estrada,common
last,Sandoval,common
last,Gibbs,common
last,Tyler,common
last,Gross,common
last,Fitzgerald,common
last,Stokes,common
last,Doyle,common
last,Sherman,common
last,Saunders,common
last,Wise,common
last,Colon,common
last,Gill,common
last,Alvarado,common
last,Greer,common
last,Padilla,common
last,Simon,common
last,Waters,common
last,Nunez,common
last,Ballard,common
last,Schwartz,common
last,McBride,common
last,Houston,common
last,Christensen,common
last,Klein,common
last,Pratt,common
last,Briggs,common
last,Parsons,common
last,McLaughlin,common
last,Zimmerman,common
last,French,common
last,Buchanan,common
last,Moran,common
last,Copeland,common
last,Roy,common
last,Pittman,common
last,Brady,common
last,McCormick,common
last,Holloway,common
last,Brock,common
last,Poole,common
last,Frank,common
last,Logan,common
last,Owen,common
last,Bass,common
last,Marsh,common
last,Drake,common
last,Wong,common
last,Jefferson,common
last,Park,common
last,Morton,common
last,Abbott,common
last,Sparks,common
last,Patrick,common
last,Norton,common
last,Huff,common
last,Clayton,common
last,Massey,common
last,Lloyd,common
last,Figueroa,common
last,Carson,common
last,Bowers,common
last,Roberson,common
last,Barton,common
last,Tran,common
last,Lamb,common
last,Harrington,common
last,Casey,common
last,Boone,common
last,Cortez,common
last,Clarke,common
last,Mathis,common
last,Singleton,common
last,Wilkins,common
last,Cain,common
last,Bryan,common
last,Underwood,common
last,Hogan,common
last,McKenzie,common
last,Collier,common
last,Luna,common
last,Phelps,common
last,McGuire,common
last,Allison,common
last,Bridges,common
last,Wilkerson,common
last,Nash,common
last,Summers,common
last,Atkins,common
last,Wilcox,uncommon
last,Pitts,uncommon
last,Conley,uncommon
last,Marquez,uncommon
last,Burnett,uncommon
last,Richard,uncommon
last,Cochran,uncommon
last,Chase,uncommon
last,Davenport,uncommon
last,Hood,uncommon
last,Gates,uncommon
last,Clay,uncommon
last,Ayala,uncommon
last,Sawyer,uncommon
last,Roman,uncommon
last,Vazquez,uncommon
last,Dickerson,uncommon
last,Hodge,uncommon
last,Acosta,uncommon
last,Flynn,uncommon
last,Espinoza,uncommon
last,Nicholson,uncommon
last,Monroe,uncommon
last,Wolf,uncommon
last,Morrow,uncommon
last,Kirk,uncommon
last,Randall,uncommon
last,Anthony,uncommon
last,Whitaker,uncommon
last,Skinner,uncommon
last,Ware,uncommon
last,Molina,uncommon
last,Kirby,uncommon
last,Huffman,uncommon
last,Bradford,uncommon
last,Charles,uncommon
last,Gilmore,uncommon
last,Dominguez,uncommon
last,Bruce,uncommon
last,Lang,uncommon
last,Combs,uncommon
last,Kramer,uncommon
last,Heath,uncommon
last,Hancock,uncommon
last,Gallagher,uncommon
last,Gaines,uncommon
last,Shaffer,uncommon
last,Short,uncommon
last,Wiggins,uncommon
last,Mathews,uncommon
last,McClain,uncommon
last,Fischer,uncommon
last,Wall,uncommon
last,Small,uncommon
last,Melton,uncommon
last,Hensley,uncommon
last,Bond,uncommon
last,Dyer,uncommon
last,Grimes,uncommon
last,Contreras,uncommon
last,Christian,uncommon
last,Wyatt,uncommon
last,Baxter,uncommon
last,Snow,uncommon
last,Mosley,uncommon
last,Shepherd,uncommon
last,Larsen,uncommon
last,Hoover,uncommon
last,Beasley,uncommon
last,Glenn,uncommon
last,Petersen,uncommon
last,Whitehead,uncommon
last,Meyers,uncommon
last,Keith,uncommon
last,Garrison,uncommon
last,Shields,uncommon
last,Horn,uncommon
last,Savage,uncommon
last,Olsen,uncommon
last,Schroeder,uncommon
last,Hartman,uncommon
last,Woodard,uncommon
last,Mueller,uncommon
last,Kemp,uncommon
last,Deleon,uncommon
last,Booth,uncommon
last,Patel,uncommon
last,Calhoun,uncommon
last,Wiley,uncommon
last,Eaton,uncommon
last,Cline,uncommon
last,Navarro,uncommon
last,Harrell,uncommon
last,Lester,uncommon
last,Humphrey,uncommon
last,Parrish,uncommon
last,Duran,uncommon
last,Hutchinson,uncommon
last,Hess,uncommon
last,Dorsey,uncommon
last,Bullock,uncommon
last,Robles,uncommon
last,Beard,uncommon
last,Dalton,uncommon
last,Avila,uncommon
last,Vance,uncommon
last,Rich,uncommon
last,Blackwell,uncommon
last,York,uncommon
last,Johns,uncommon
last,Blankenship,uncommon
last,Trevino,uncommon
last,Salinas,uncommon
last,Campos,uncommon
last,Pruitt,uncommon
last,Moses,uncommon
last,Callahan,uncommon
last,Golden,uncommon
last,Montoya,uncommon
last,Hardin,uncommon
last,Guerra,uncommon
last,McDowell,uncommon
last,Carey,uncommon
last,Stafford,uncommon
last,Gallegos,uncommon
last,Henson,uncommon
last,Villanueva,uncommon
last,Decker,uncommon
last,Merritt,uncommon
last,Rowland,uncommon
last,Winters,uncommon
last,Crowley,uncommon
last,Livingston,uncommon
last,McLean,uncommon
last,McConnell,uncommon
last,Kerr,uncommon
last,Ibarra,uncommon
last,LeBlanc,uncommon
last,Pace,uncommon
last,Durham,uncommon
last,Potts,uncommon
last,Jarvis,uncommon
last,Aguirre,uncommon
last,Mays,uncommon
last,Bentley,uncommon
last,Roach,uncommon
last,Ochoa,uncommon
last,Odom,uncommon
last,Herring,uncommon
last,Finley,uncommon
last,Dougherty,uncommon
last,Blanchard,uncommon
last,Pennington,uncommon
last,Woodward,uncommon
last,Moyer,uncommon
last,Madden,uncommon
last,Trujillo,uncommon
last,Goldberg,uncommon
last,Browning,uncommon
last,Crosby,uncommon
last,Stanton,uncommon
last,Faulkner,uncommon
last,Nixon,uncommon
last,Booker,uncommon
last,Prince,uncommon
last,Rosario,uncommon
last,Jacobson,uncommon
last,Maynard,uncommon
last,Frederick,uncommon
last,Walls,uncommon
last,Huber,uncommon
last,Bender,uncommon
last,Haas,uncommon
last,Spears,uncommon
last,Lake,uncommon
last,Velasquez,uncommon
last,Rivers,uncommon
last,Farrell,uncommon
last,Clements,uncommon
last,Maddox,uncommon
last,Knox,uncommon
last,Irwin,uncommon
last,Rush,uncommon
last,Hendrix,uncommon
last,Foley,uncommon
last,Leach,uncommon
last,Gentry,uncommon
last,Marks,uncommon
last,Villegas,uncommon
last,Solomon,uncommon
last,Rollins,uncommon
last,McGraw,uncommon
last,Strong,uncommon
last,Arellano,uncommon
last,Cuevas,uncommon
last,Pollard,uncommon
last,Driscoll,uncommon
last,Frost,uncommon
last,Fuentes,uncommon
last,Cooke,uncommon
last,Pugh,uncommon
last,Truitt,uncommon
last,Plummer,uncommon
last,Workman,uncommon
last,Vinson,uncommon
last,Haley,uncommon
last,Waller,uncommon
last,Ridley,uncommon
last,Sexton,uncommon
last,Mcdowell,uncommon
last,Woodson,uncommon
last,Rankin,uncommon
last,Hendricks,uncommon
last,Kelso,uncommon
last,Wynn,uncommon
last,Spence,uncommon
last,Delaney,uncommon
last,Crockett,uncommon
last,Edmonds,uncommon
last,Fulton,uncommon
last,Seymour,uncommon
last,Crowell,uncommon
last,Compton,uncommon
last,Barlow,uncommon
last,Petty,uncommon
last,Burch,uncommon
last,Woody,uncommon
last,Akers,uncommon
last,Starks,uncommon
last,Mcmahon,uncommon
last,Ivory,uncommon
last,Royal,uncommon
last,Winfield,uncommon
last,Dotson,uncommon
last,Dunlap,uncommon
last,Meeks,uncommon
last,Trotter,uncommon
last,Temple,uncommon
last,Peoples,uncommon
last,Woodruff,uncommon
last,Laird,uncommon
last,Whaley,uncommon
last,Mccall,uncommon
last,Langley,uncommon
last,Tyson,uncommon
last,Hardaway,uncommon
last,Kimball,uncommon
last,Rock,uncommon
last,Nix,uncommon
last,Eason,uncommon
last,Early,uncommon
last,Sheppard,uncommon
last,Stinson,uncommon
last,Prophet,uncommon
last,Emanuel,uncommon
last,Pierre,uncommon
last,Lattimore,uncommon
last,Ellington,uncommon
last,Buford,uncommon
last,Kendrick,uncommon
last,Talley,uncommon
last,Easter,uncommon
last,Dozier,uncommon
last,Dupree,uncommon
last,Blackmon,uncommon
last,Hardman,uncommon
last,Amos,uncommon
last,Linton,uncommon
last,Armstead,uncommon
last,Metcalf,uncommon
last,Randle,uncommon
last,Sweat,uncommon
last,Okwara,uncommon
last,Tuitt,uncommon
